DC.DAC.AUSL.CD,"Net bilateral aid flows from DAC donors, Australia (current US$)","Net bilateral aid flows from DAC donors are the net disbursements of official development assistance (ODA) or official aid from the members of the Development Assistance Committee (DAC). Net disbursements are gross disbursements of grants and loans minus repayments of principal on earlier loans. ODA consists of loans made on concessional terms (with a grant element of at least 25 percent, calculated at a rate of discount of 10 percent) and grants made to promote economic development and welfare in countries and territories in the DAC list of ODA recipients. Official aid refers to aid flows from official donors to countries and territories in part II of the DAC list of recipients: more advanced countries of Central and Eastern Europe, the countries of the former Soviet Union, and certain advanced developing countries and territories. Official aid is provided under terms and conditions similar to those for ODA. Part II of the DAC List was abolished in 2005. The collection of data on official aid and other resource flows to Part II countries ended with 2004 data. DAC members are Australia, Austria, Belgium, Canada, Denmark, Finland, France, Germany, Greece, Ireland, Italy, Japan, Republic of Korea, Luxembourg, Netherlands, New Zealand, Norway, Portugal, Spain, Sweden, Switzerland, United Kingdom, United States, and European Union Institutions. Regional aggregates include data for economies not specified elsewhere. World and income group totals include aid not allocated by country or region. Data are in current U.S. dollars.",,,,,,,,,,
DC.DAC.AUTL.CD,"Net bilateral aid flows from DAC donors, Austria (current US$)","Net bilateral aid flows from DAC donors are the net disbursements of official development assistance (ODA) or official aid from the members of the Development Assistance Committee (DAC). Net disbursements are gross disbursements of grants and loans minus repayments of principal on earlier loans. ODA consists of loans made on concessional terms (with a grant element of at least 25 percent, calculated at a rate of discount of 10 percent) and grants made to promote economic development and welfare in countries and territories in the DAC list of ODA recipients. Official aid refers to aid flows from official donors to countries and territories in part II of the DAC list of recipients: more advanced countries of Central and Eastern Europe, the countries of the former Soviet Union, and certain advanced developing countries and territories. Official aid is provided under terms and conditions similar to those for ODA. Part II of the DAC List was abolished in 2005. The collection of data on official aid and other resource flows to Part II countries ended with 2004 data. DAC members are Australia, Austria, Belgium, Canada, Denmark, Finland, France, Germany, Greece, Ireland, Italy, Japan, Republic of Korea, Luxembourg, Netherlands, New Zealand, Norway, Portugal, Spain, Sweden, Switzerland, United Kingdom, United States, and European Union Institutions. Regional aggregates include data for economies not specified elsewhere. World and income group totals include aid not allocated by country or region. Data are in current U.S. dollars.",,,,,,,,,,
DC.DAC.BELL.CD,"Net bilateral aid flows from DAC donors, Belgium (current US$)","Net bilateral aid flows from DAC donors are the net disbursements of official development assistance (ODA) or official aid from the members of the Development Assistance Committee (DAC). Net disbursements are gross disbursements of grants and loans minus repayments of principal on earlier loans. ODA consists of loans made on concessional terms (with a grant element of at least 25 percent, calculated at a rate of discount of 10 percent) and grants made to promote economic development and welfare in countries and territories in the DAC list of ODA recipients. Official aid refers to aid flows from official donors to countries and territories in part II of the DAC list of recipients: more advanced countries of Central and Eastern Europe, the countries of the former Soviet Union, and certain advanced developing countries and territories. Official aid is provided under terms and conditions similar to those for ODA. Part II of the DAC List was abolished in 2005. The collection of data on official aid and other resource flows to Part II countries ended with 2004 data. DAC members are Australia, Austria, Belgium, Canada, Denmark, Finland, France, Germany, Greece, Ireland, Italy, Japan, Republic of Korea, Luxembourg, Netherlands, New Zealand, Norway, Portugal, Spain, Sweden, Switzerland, United Kingdom, United States, and European Union Institutions. Regional aggregates include data for economies not specified elsewhere. World and income group totals include aid not allocated by country or region. Data are in current U.S. dollars.",,,,,,,,,,
DC.DAC.CANL.CD,"Net bilateral aid flows from DAC donors, Canada (current US$)","Net bilateral aid flows from DAC donors are the net disbursements of official development assistance (ODA) or official aid from the members of the Development Assistance Committee (DAC). Net disbursements are gross disbursements of grants and loans minus repayments of principal on earlier loans. ODA consists of loans made on concessional terms (with a grant element of at least 25 percent, calculated at a rate of discount of 10 percent) and grants made to promote economic development and welfare in countries and territories in the DAC list of ODA recipients. Official aid refers to aid flows from official donors to countries and territories in part II of the DAC list of recipients: more advanced countries of Central and Eastern Europe, the countries of the former Soviet Union, and certain advanced developing countries and territories. Official aid is provided under terms and conditions similar to those for ODA. Part II of the DAC List was abolished in 2005. The collection of data on official aid and other resource flows to Part II countries ended with 2004 data. DAC members are Australia, Austria, Belgium, Canada, Denmark, Finland, France, Germany, Greece, Ireland, Italy, Japan, Republic of Korea, Luxembourg, Netherlands, New Zealand, Norway, Portugal, Spain, Sweden, Switzerland, United Kingdom, United States, and European Union Institutions. Regional aggregates include data for economies not specified elsewhere. World and income group totals include aid not allocated by country or region. Data are in current U.S. dollars.",,,,,,,,,,
DC.DAC.CECL.CD,"Net bilateral aid flows from DAC donors, European Union institutions (current US$)","Net bilateral aid flows from DAC donors are the net disbursements of official development assistance (ODA) or official aid from the members of the Development Assistance Committee (DAC). Net disbursements are gross disbursements of grants and loans minus repayments of principal on earlier loans. ODA consists of loans made on concessional terms (with a grant element of at least 25 percent, calculated at a rate of discount of 10 percent) and grants made to promote economic development and welfare in countries and territories in the DAC list of ODA recipients. Official aid refers to aid flows from official donors to countries and territories in part II of the DAC list of recipients: more advanced countries of Central and Eastern Europe, the countries of the former Soviet Union, and certain advanced developing countries and territories. Official aid is provided under terms and conditions similar to those for ODA. Part II of the DAC List was abolished in 2005. The collection of data on official aid and other resource flows to Part II countries ended with 2004 data. DAC members are Australia, Austria, Belgium, Canada, Denmark, Finland, France, Germany, Greece, Ireland, Italy, Japan, Republic of Korea, Luxembourg, Netherlands, New Zealand, Norway, Portugal, Spain, Sweden, Switzerland, United Kingdom, United States, and European Union Institutions. Regional aggregates include data for economies not specified elsewhere. World and income group totals include aid not allocated by country or region. Data are in current U.S. dollars.",,,,,,,,,,
DC.DAC.CHEL.CD,"Net bilateral aid flows from DAC donors, Switzerland (current US$)","Net bilateral aid flows from DAC donors are the net disbursements of official development assistance (ODA) or official aid from the members of the Development Assistance Committee (DAC). Net disbursements are gross disbursements of grants and loans minus repayments of principal on earlier loans. ODA consists of loans made on concessional terms (with a grant element of at least 25 percent, calculated at a rate of discount of 10 percent) and grants made to promote economic development and welfare in countries and territories in the DAC list of ODA recipients. Official aid refers to aid flows from official donors to countries and territories in part II of the DAC list of recipients: more advanced countries of Central and Eastern Europe, the countries of the former Soviet Union, and certain advanced developing countries and territories. Official aid is provided under terms and conditions similar to those for ODA. Part II of the DAC List was abolished in 2005. The collection of data on official aid and other resource flows to Part II countries ended with 2004 data. DAC members are Australia, Austria, Belgium, Canada, Denmark, Finland, France, Germany, Greece, Ireland, Italy, Japan, Republic of Korea, Luxembourg, Netherlands, New Zealand, Norway, Portugal, Spain, Sweden, Switzerland, United Kingdom, United States, and European Union Institutions. Regional aggregates include data for economies not specified elsewhere. World and income group totals include aid not allocated by country or region. Data are in current U.S. dollars.",,,,,,,,,,
DC.DAC.DEUL.CD,"Net bilateral aid flows from DAC donors, Germany (current US$)","Net bilateral aid flows from DAC donors are the net disbursements of official development assistance (ODA) or official aid from the members of the Development Assistance Committee (DAC). Net disbursements are gross disbursements of grants and loans minus repayments of principal on earlier loans. ODA consists of loans made on concessional terms (with a grant element of at least 25 percent, calculated at a rate of discount of 10 percent) and grants made to promote economic development and welfare in countries and territories in the DAC list of ODA recipients. Official aid refers to aid flows from official donors to countries and territories in part II of the DAC list of recipients: more advanced countries of Central and Eastern Europe, the countries of the former Soviet Union, and certain advanced developing countries and territories. Official aid is provided under terms and conditions similar to those for ODA. Part II of the DAC List was abolished in 2005. The collection of data on official aid and other resource flows to Part II countries ended with 2004 data. DAC members are Australia, Austria, Belgium, Canada, Denmark, Finland, France, Germany, Greece, Ireland, Italy, Japan, Republic of Korea, Luxembourg, Netherlands, New Zealand, Norway, Portugal, Spain, Sweden, Switzerland, United Kingdom, United States, and European Union Institutions. Regional aggregates include data for economies not specified elsewhere. World and income group totals include aid not allocated by country or region. Data are in current U.S. dollars.",,,,,,,,,,
DC.DAC.DNKL.CD,"Net bilateral aid flows from DAC donors, Denmark (current US$)","Net bilateral aid flows from DAC donors are the net disbursements of official development assistance (ODA) or official aid from the members of the Development Assistance Committee (DAC). Net disbursements are gross disbursements of grants and loans minus repayments of principal on earlier loans. ODA consists of loans made on concessional terms (with a grant element of at least 25 percent, calculated at a rate of discount of 10 percent) and grants made to promote economic development and welfare in countries and territories in the DAC list of ODA recipients. Official aid refers to aid flows from official donors to countries and territories in part II of the DAC list of recipients: more advanced countries of Central and Eastern Europe, the countries of the former Soviet Union, and certain advanced developing countries and territories. Official aid is provided under terms and conditions similar to those for ODA. Part II of the DAC List was abolished in 2005. The collection of data on official aid and other resource flows to Part II countries ended with 2004 data. DAC members are Australia, Austria, Belgium, Canada, Denmark, Finland, France, Germany, Greece, Ireland, Italy, Japan, Republic of Korea, Luxembourg, Netherlands, New Zealand, Norway, Portugal, Spain, Sweden, Switzerland, United Kingdom, United States, and European Union Institutions. Regional aggregates include data for economies not specified elsewhere. World and income group totals include aid not allocated by country or region. Data are in current U.S. dollars.",,,,,,,,,,
DC.DAC.ESPL.CD,"Net bilateral aid flows from DAC donors, Spain (current US$)","Net bilateral aid flows from DAC donors are the net disbursements of official development assistance (ODA) or official aid from the members of the Development Assistance Committee (DAC). Net disbursements are gross disbursements of grants and loans minus repayments of principal on earlier loans. ODA consists of loans made on concessional terms (with a grant element of at least 25 percent, calculated at a rate of discount of 10 percent) and grants made to promote economic development and welfare in countries and territories in the DAC list of ODA recipients. Official aid refers to aid flows from official donors to countries and territories in part II of the DAC list of recipients: more advanced countries of Central and Eastern Europe, the countries of the former Soviet Union, and certain advanced developing countries and territories. Official aid is provided under terms and conditions similar to those for ODA. Part II of the DAC List was abolished in 2005. The collection of data on official aid and other resource flows to Part II countries ended with 2004 data. DAC members are Australia, Austria, Belgium, Canada, Denmark, Finland, France, Germany, Greece, Ireland, Italy, Japan, Republic of Korea, Luxembourg, Netherlands, New Zealand, Norway, Portugal, Spain, Sweden, Switzerland, United Kingdom, United States, and European Union Institutions. Regional aggregates include data for economies not specified elsewhere. World and income group totals include aid not allocated by country or region. Data are in current U.S. dollars.",,,,,,,,,,
DC.DAC.FINL.CD,"Net bilateral aid flows from DAC donors, Finland (current US$)","Net bilateral aid flows from DAC donors are the net disbursements of official development assistance (ODA) or official aid from the members of the Development Assistance Committee (DAC). Net disbursements are gross disbursements of grants and loans minus repayments of principal on earlier loans. ODA consists of loans made on concessional terms (with a grant element of at least 25 percent, calculated at a rate of discount of 10 percent) and grants made to promote economic development and welfare in countries and territories in the DAC list of ODA recipients. Official aid refers to aid flows from official donors to countries and territories in part II of the DAC list of recipients: more advanced countries of Central and Eastern Europe, the countries of the former Soviet Union, and certain advanced developing countries and territories. Official aid is provided under terms and conditions similar to those for ODA. Part II of the DAC List was abolished in 2005. The collection of data on official aid and other resource flows to Part II countries ended with 2004 data. DAC members are Australia, Austria, Belgium, Canada, Denmark, Finland, France, Germany, Greece, Ireland, Italy, Japan, Republic of Korea, Luxembourg, Netherlands, New Zealand, Norway, Portugal, Spain, Sweden, Switzerland, United Kingdom, United States, and European Union Institutions. Regional aggregates include data for economies not specified elsewhere. World and income group totals include aid not allocated by country or region. Data are in current U.S. dollars.",,,,,,,,,,
DC.DAC.FRAL.CD,"Net bilateral aid flows from DAC donors, France (current US$)","Net bilateral aid flows from DAC donors are the net disbursements of official development assistance (ODA) or official aid from the members of the Development Assistance Committee (DAC). Net disbursements are gross disbursements of grants and loans minus repayments of principal on earlier loans. ODA consists of loans made on concessional terms (with a grant element of at least 25 percent, calculated at a rate of discount of 10 percent) and grants made to promote economic development and welfare in countries and territories in the DAC list of ODA recipients. Official aid refers to aid flows from official donors to countries and territories in part II of the DAC list of recipients: more advanced countries of Central and Eastern Europe, the countries of the former Soviet Union, and certain advanced developing countries and territories. Official aid is provided under terms and conditions similar to those for ODA. Part II of the DAC List was abolished in 2005. The collection of data on official aid and other resource flows to Part II countries ended with 2004 data. DAC members are Australia, Austria, Belgium, Canada, Denmark, Finland, France, Germany, Greece, Ireland, Italy, Japan, Republic of Korea, Luxembourg, Netherlands, New Zealand, Norway, Portugal, Spain, Sweden, Switzerland, United Kingdom, United States, and European Union Institutions. Regional aggregates include data for economies not specified elsewhere. World and income group totals include aid not allocated by country or region. Data are in current U.S. dollars.",,,,,,,,,,
DC.DAC.GBRL.CD,"Net bilateral aid flows from DAC donors, United Kingdom (current US$)","Net bilateral aid flows from DAC donors are the net disbursements of official development assistance (ODA) or official aid from the members of the Development Assistance Committee (DAC). Net disbursements are gross disbursements of grants and loans minus repayments of principal on earlier loans. ODA consists of loans made on concessional terms (with a grant element of at least 25 percent, calculated at a rate of discount of 10 percent) and grants made to promote economic development and welfare in countries and territories in the DAC list of ODA recipients. Official aid refers to aid flows from official donors to countries and territories in part II of the DAC list of recipients: more advanced countries of Central and Eastern Europe, the countries of the former Soviet Union, and certain advanced developing countries and territories. Official aid is provided under terms and conditions similar to those for ODA. Part II of the DAC List was abolished in 2005. The collection of data on official aid and other resource flows to Part II countries ended with 2004 data. DAC members are Australia, Austria, Belgium, Canada, Denmark, Finland, France, Germany, Greece, Ireland, Italy, Japan, Republic of Korea, Luxembourg, Netherlands, New Zealand, Norway, Portugal, Spain, Sweden, Switzerland, United Kingdom, United States, and European Union Institutions. Regional aggregates include data for economies not specified elsewhere. World and income group totals include aid not allocated by country or region. Data are in current U.S. dollars.",,,,,,,,,,
DC.DAC.GRCL.CD,"Net bilateral aid flows from DAC donors, Greece (current US$)","Net bilateral aid flows from DAC donors are the net disbursements of official development assistance (ODA) or official aid from the members of the Development Assistance Committee (DAC). Net disbursements are gross disbursements of grants and loans minus repayments of principal on earlier loans. ODA consists of loans made on concessional terms (with a grant element of at least 25 percent, calculated at a rate of discount of 10 percent) and grants made to promote economic development and welfare in countries and territories in the DAC list of ODA recipients. Official aid refers to aid flows from official donors to countries and territories in part II of the DAC list of recipients: more advanced countries of Central and Eastern Europe, the countries of the former Soviet Union, and certain advanced developing countries and territories. Official aid is provided under terms and conditions similar to those for ODA. Part II of the DAC List was abolished in 2005. The collection of data on official aid and other resource flows to Part II countries ended with 2004 data. DAC members are Australia, Austria, Belgium, Canada, Denmark, Finland, France, Germany, Greece, Ireland, Italy, Japan, Republic of Korea, Luxembourg, Netherlands, New Zealand, Norway, Portugal, Spain, Sweden, Switzerland, United Kingdom, United States, and European Union Institutions. Regional aggregates include data for economies not specified elsewhere. World and income group totals include aid not allocated by country or region. Data are in current U.S. dollars.",,,,,,,,,,
DC.DAC.IRLL.CD,"Net bilateral aid flows from DAC donors, Ireland (current US$)","Net bilateral aid flows from DAC donors are the net disbursements of official development assistance (ODA) or official aid from the members of the Development Assistance Committee (DAC). Net disbursements are gross disbursements of grants and loans minus repayments of principal on earlier loans. ODA consists of loans made on concessional terms (with a grant element of at least 25 percent, calculated at a rate of discount of 10 percent) and grants made to promote economic development and welfare in countries and territories in the DAC list of ODA recipients. Official aid refers to aid flows from official donors to countries and territories in part II of the DAC list of recipients: more advanced countries of Central and Eastern Europe, the countries of the former Soviet Union, and certain advanced developing countries and territories. Official aid is provided under terms and conditions similar to those for ODA. Part II of the DAC List was abolished in 2005. The collection of data on official aid and other resource flows to Part II countries ended with 2004 data. DAC members are Australia, Austria, Belgium, Canada, Denmark, Finland, France, Germany, Greece, Ireland, Italy, Japan, Republic of Korea, Luxembourg, Netherlands, New Zealand, Norway, Portugal, Spain, Sweden, Switzerland, United Kingdom, United States, and European Union Institutions. Regional aggregates include data for economies not specified elsewhere. World and income group totals include aid not allocated by country or region. Data are in current U.S. dollars.",,,,,,,,,,
DC.DAC.ITAL.CD,"Net bilateral aid flows from DAC donors, Italy (current US$)","Net bilateral aid flows from DAC donors are the net disbursements of official development assistance (ODA) or official aid from the members of the Development Assistance Committee (DAC). Net disbursements are gross disbursements of grants and loans minus repayments of principal on earlier loans. ODA consists of loans made on concessional terms (with a grant element of at least 25 percent, calculated at a rate of discount of 10 percent) and grants made to promote economic development and welfare in countries and territories in the DAC list of ODA recipients. Official aid refers to aid flows from official donors to countries and territories in part II of the DAC list of recipients: more advanced countries of Central and Eastern Europe, the countries of the former Soviet Union, and certain advanced developing countries and territories. Official aid is provided under terms and conditions similar to those for ODA. Part II of the DAC List was abolished in 2005. The collection of data on official aid and other resource flows to Part II countries ended with 2004 data. DAC members are Australia, Austria, Belgium, Canada, Denmark, Finland, France, Germany, Greece, Ireland, Italy, Japan, Republic of Korea, Luxembourg, Netherlands, New Zealand, Norway, Portugal, Spain, Sweden, Switzerland, United Kingdom, United States, and European Union Institutions. Regional aggregates include data for economies not specified elsewhere. World and income group totals include aid not allocated by country or region. Data are in current U.S. dollars.",,,,,,,,,,
DC.DAC.JPNL.CD,"Net bilateral aid flows from DAC donors, Japan (current US$)","Net bilateral aid flows from DAC donors are the net disbursements of official development assistance (ODA) or official aid from the members of the Development Assistance Committee (DAC). Net disbursements are gross disbursements of grants and loans minus repayments of principal on earlier loans. ODA consists of loans made on concessional terms (with a grant element of at least 25 percent, calculated at a rate of discount of 10 percent) and grants made to promote economic development and welfare in countries and territories in the DAC list of ODA recipients. Official aid refers to aid flows from official donors to countries and territories in part II of the DAC list of recipients: more advanced countries of Central and Eastern Europe, the countries of the former Soviet Union, and certain advanced developing countries and territories. Official aid is provided under terms and conditions similar to those for ODA. Part II of the DAC List was abolished in 2005. The collection of data on official aid and other resource flows to Part II countries ended with 2004 data. DAC members are Australia, Austria, Belgium, Canada, Denmark, Finland, France, Germany, Greece, Ireland, Italy, Japan, Republic of Korea, Luxembourg, Netherlands, New Zealand, Norway, Portugal, Spain, Sweden, Switzerland, United Kingdom, United States, and European Union Institutions. Regional aggregates include data for economies not specified elsewhere. World and income group totals include aid not allocated by country or region. Data are in current U.S. dollars.",,,,,,,,,,
DC.DAC.KORL.CD,"Net bilateral aid flows from DAC donors, Korea, Rep. (current US$)","Net bilateral aid flows from DAC donors are the net disbursements of official development assistance (ODA) or official aid from the members of the Development Assistance Committee (DAC). Net disbursements are gross disbursements of grants and loans minus repayments of principal on earlier loans. ODA consists of loans made on concessional terms (with a grant element of at least 25 percent, calculated at a rate of discount of 10 percent) and grants made to promote economic development and welfare in countries and territories in the DAC list of ODA recipients. Official aid refers to aid flows from official donors to countries and territories in part II of the DAC list of recipients: more advanced countries of Central and Eastern Europe, the countries of the former Soviet Union, and certain advanced developing countries and territories. Official aid is provided under terms and conditions similar to those for ODA. Part II of the DAC List was abolished in 2005. The collection of data on official aid and other resource flows to Part II countries ended with 2004 data. DAC members are Australia, Austria, Belgium, Canada, Denmark, Finland, France, Germany, Greece, Ireland, Italy, Japan, Republic of Korea, Luxembourg, Netherlands, New Zealand, Norway, Portugal, Spain, Sweden, Switzerland, United Kingdom, United States, and European Union Institutions. Regional aggregates include data for economies not specified elsewhere. World and income group totals include aid not allocated by country or region. Data are in current U.S. dollars.",,,,,,,,,,
DC.DAC.LUXL.CD,"Net bilateral aid flows from DAC donors, Luxembourg (current US$)","Net bilateral aid flows from DAC donors are the net disbursements of official development assistance (ODA) or official aid from the members of the Development Assistance Committee (DAC). Net disbursements are gross disbursements of grants and loans minus repayments of principal on earlier loans. ODA consists of loans made on concessional terms (with a grant element of at least 25 percent, calculated at a rate of discount of 10 percent) and grants made to promote economic development and welfare in countries and territories in the DAC list of ODA recipients. Official aid refers to aid flows from official donors to countries and territories in part II of the DAC list of recipients: more advanced countries of Central and Eastern Europe, the countries of the former Soviet Union, and certain advanced developing countries and territories. Official aid is provided under terms and conditions similar to those for ODA. Part II of the DAC List was abolished in 2005. The collection of data on official aid and other resource flows to Part II countries ended with 2004 data. DAC members are Australia, Austria, Belgium, Canada, Denmark, Finland, France, Germany, Greece, Ireland, Italy, Japan, Republic of Korea, Luxembourg, Netherlands, New Zealand, Norway, Portugal, Spain, Sweden, Switzerland, United Kingdom, United States, and European Union Institutions. Regional aggregates include data for economies not specified elsewhere. World and income group totals include aid not allocated by country or region. Data are in current U.S. dollars.",,,,,,,,,,
DC.DAC.NLDL.CD,"Net bilateral aid flows from DAC donors, Netherlands (current US$)","Net bilateral aid flows from DAC donors are the net disbursements of official development assistance (ODA) or official aid from the members of the Development Assistance Committee (DAC). Net disbursements are gross disbursements of grants and loans minus repayments of principal on earlier loans. ODA consists of loans made on concessional terms (with a grant element of at least 25 percent, calculated at a rate of discount of 10 percent) and grants made to promote economic development and welfare in countries and territories in the DAC list of ODA recipients. Official aid refers to aid flows from official donors to countries and territories in part II of the DAC list of recipients: more advanced countries of Central and Eastern Europe, the countries of the former Soviet Union, and certain advanced developing countries and territories. Official aid is provided under terms and conditions similar to those for ODA. Part II of the DAC List was abolished in 2005. The collection of data on official aid and other resource flows to Part II countries ended with 2004 data. DAC members are Australia, Austria, Belgium, Canada, Denmark, Finland, France, Germany, Greece, Ireland, Italy, Japan, Republic of Korea, Luxembourg, Netherlands, New Zealand, Norway, Portugal, Spain, Sweden, Switzerland, United Kingdom, United States, and European Union Institutions. Regional aggregates include data for economies not specified elsewhere. World and income group totals include aid not allocated by country or region. Data are in current U.S. dollars.",,,,,,,,,,
DC.DAC.NORL.CD,"Net bilateral aid flows from DAC donors, Norway (current US$)","Net bilateral aid flows from DAC donors are the net disbursements of official development assistance (ODA) or official aid from the members of the Development Assistance Committee (DAC). Net disbursements are gross disbursements of grants and loans minus repayments of principal on earlier loans. ODA consists of loans made on concessional terms (with a grant element of at least 25 percent, calculated at a rate of discount of 10 percent) and grants made to promote economic development and welfare in countries and territories in the DAC list of ODA recipients. Official aid refers to aid flows from official donors to countries and territories in part II of the DAC list of recipients: more advanced countries of Central and Eastern Europe, the countries of the former Soviet Union, and certain advanced developing countries and territories. Official aid is provided under terms and conditions similar to those for ODA. Part II of the DAC List was abolished in 2005. The collection of data on official aid and other resource flows to Part II countries ended with 2004 data. DAC members are Australia, Austria, Belgium, Canada, Denmark, Finland, France, Germany, Greece, Ireland, Italy, Japan, Republic of Korea, Luxembourg, Netherlands, New Zealand, Norway, Portugal, Spain, Sweden, Switzerland, United Kingdom, United States, and European Union Institutions. Regional aggregates include data for economies not specified elsewhere. World and income group totals include aid not allocated by country or region. Data are in current U.S. dollars.",,,,,,,,,,
DC.DAC.NZLL.CD,"Net bilateral aid flows from DAC donors, New Zealand (current US$)","Net bilateral aid flows from DAC donors are the net disbursements of official development assistance (ODA) or official aid from the members of the Development Assistance Committee (DAC). Net disbursements are gross disbursements of grants and loans minus repayments of principal on earlier loans. ODA consists of loans made on concessional terms (with a grant element of at least 25 percent, calculated at a rate of discount of 10 percent) and grants made to promote economic development and welfare in countries and territories in the DAC list of ODA recipients. Official aid refers to aid flows from official donors to countries and territories in part II of the DAC list of recipients: more advanced countries of Central and Eastern Europe, the countries of the former Soviet Union, and certain advanced developing countries and territories. Official aid is provided under terms and conditions similar to those for ODA. Part II of the DAC List was abolished in 2005. The collection of data on official aid and other resource flows to Part II countries ended with 2004 data. DAC members are Australia, Austria, Belgium, Canada, Denmark, Finland, France, Germany, Greece, Ireland, Italy, Japan, Republic of Korea, Luxembourg, Netherlands, New Zealand, Norway, Portugal, Spain, Sweden, Switzerland, United Kingdom, United States, and European Union Institutions. Regional aggregates include data for economies not specified elsewhere. World and income group totals include aid not allocated by country or region. Data are in current U.S. dollars.",,,,,,,,,,
DC.DAC.PRTL.CD,"Net bilateral aid flows from DAC donors, Portugal (current US$)","Net bilateral aid flows from DAC donors are the net disbursements of official development assistance (ODA) or official aid from the members of the Development Assistance Committee (DAC). Net disbursements are gross disbursements of grants and loans minus repayments of principal on earlier loans. ODA consists of loans made on concessional terms (with a grant element of at least 25 percent, calculated at a rate of discount of 10 percent) and grants made to promote economic development and welfare in countries and territories in the DAC list of ODA recipients. Official aid refers to aid flows from official donors to countries and territories in part II of the DAC list of recipients: more advanced countries of Central and Eastern Europe, the countries of the former Soviet Union, and certain advanced developing countries and territories. Official aid is provided under terms and conditions similar to those for ODA. Part II of the DAC List was abolished in 2005. The collection of data on official aid and other resource flows to Part II countries ended with 2004 data. DAC members are Australia, Austria, Belgium, Canada, Denmark, Finland, France, Germany, Greece, Ireland, Italy, Japan, Republic of Korea, Luxembourg, Netherlands, New Zealand, Norway, Portugal, Spain, Sweden, Switzerland, United Kingdom, United States, and European Union Institutions. Regional aggregates include data for economies not specified elsewhere. World and income group totals include aid not allocated by country or region. Data are in current U.S. dollars.",,,,,,,,,,
DC.DAC.SWEL.CD,"Net bilateral aid flows from DAC donors, Sweden (current US$)","Net bilateral aid flows from DAC donors are the net disbursements of official development assistance (ODA) or official aid from the members of the Development Assistance Committee (DAC). Net disbursements are gross disbursements of grants and loans minus repayments of principal on earlier loans. ODA consists of loans made on concessional terms (with a grant element of at least 25 percent, calculated at a rate of discount of 10 percent) and grants made to promote economic development and welfare in countries and territories in the DAC list of ODA recipients. Official aid refers to aid flows from official donors to countries and territories in part II of the DAC list of recipients: more advanced countries of Central and Eastern Europe, the countries of the former Soviet Union, and certain advanced developing countries and territories. Official aid is provided under terms and conditions similar to those for ODA. Part II of the DAC List was abolished in 2005. The collection of data on official aid and other resource flows to Part II countries ended with 2004 data. DAC members are Australia, Austria, Belgium, Canada, Denmark, Finland, France, Germany, Greece, Ireland, Italy, Japan, Republic of Korea, Luxembourg, Netherlands, New Zealand, Norway, Portugal, Spain, Sweden, Switzerland, United Kingdom, United States, and European Union Institutions. Regional aggregates include data for economies not specified elsewhere. World and income group totals include aid not allocated by country or region. Data are in current U.S. dollars.",,,,,,,,,,
DC.DAC.TOTL.CD,"Net bilateral aid flows from DAC donors, Total (current US$)","Net bilateral aid flows from DAC donors are the net disbursements of official development assistance (ODA) or official aid from the members of the Development Assistance Committee (DAC). Net disbursements are gross disbursements of grants and loans minus repayments of principal on earlier loans. ODA consists of loans made on concessional terms (with a grant element of at least 25 percent, calculated at a rate of discount of 10 percent) and grants made to promote economic development and welfare in countries and territories in the DAC list of ODA recipients. Official aid refers to aid flows from official donors to countries and territories in part II of the DAC list of recipients: more advanced countries of Central and Eastern Europe, the countries of the former Soviet Union, and certain advanced developing countries and territories. Official aid is provided under terms and conditions similar to those for ODA. Part II of the DAC List was abolished in 2005. The collection of data on official aid and other resource flows to Part II countries ended with 2004 data. DAC members are Australia, Austria, Belgium, Canada, Denmark, Finland, France, Germany, Greece, Ireland, Italy, Japan, Republic of Korea, Luxembourg, Netherlands, New Zealand, Norway, Portugal, Spain, Sweden, Switzerland, United Kingdom, United States, and European Union Institutions. Regional aggregates include data for economies not specified elsewhere. World and income group totals include aid not allocated by country or region. Data are in current U.S. dollars.",,,,,,,,,,
DC.DAC.USAL.CD,"Net bilateral aid flows from DAC donors, United States (current US$)","Net bilateral aid flows from DAC donors are the net disbursements of official development assistance (ODA) or official aid from the members of the Development Assistance Committee (DAC). Net disbursements are gross disbursements of grants and loans minus repayments of principal on earlier loans. ODA consists of loans made on concessional terms (with a grant element of at least 25 percent, calculated at a rate of discount of 10 percent) and grants made to promote economic development and welfare in countries and territories in the DAC list of ODA recipients. Official aid refers to aid flows from official donors to countries and territories in part II of the DAC list of recipients: more advanced countries of Central and Eastern Europe, the countries of the former Soviet Union, and certain advanced developing countries and territories. Official aid is provided under terms and conditions similar to those for ODA. Part II of the DAC List was abolished in 2005. The collection of data on official aid and other resource flows to Part II countries ended with 2004 data. DAC members are Australia, Austria, Belgium, Canada, Denmark, Finland, France, Germany, Greece, Ireland, Italy, Japan, Republic of Korea, Luxembourg, Netherlands, New Zealand, Norway, Portugal, Spain, Sweden, Switzerland, United Kingdom, United States, and European Union Institutions. Regional aggregates include data for economies not specified elsewhere. World and income group totals include aid not allocated by country or region. Data are in current U.S. dollars.",,,,,,,,,,
DT.ODA.ALLD.CD,Net official development assistance and official aid received (current US$),"Net official development assistance is disbursement flows (net of repayment of principal) that meet the DAC definition of ODA and are made to countries and territories on the DAC list of aid recipients. Net official aid refers to aid flows (net of repayments) from official donors to countries and territories in part II of the DAC list of recipients: more advanced countries of Central and Eastern Europe, the countries of the former Soviet Union, and certain advanced developing countries and territories. Official aid is provided under terms and conditions similar to those for ODA. Part II of the DAC List was abolished in 2005. The collection of data on official aid and other resource flows to Part II countries ended with 2004 data. Data are in current U.S. dollars.",,,,,,,,,,
DT.ODA.OATL.CD,Net official aid received (current US$),"Net official aid refers to aid flows (net of repayments) from official donors to countries and territories in part II of the DAC list of recipients: more advanced countries of Central and Eastern Europe, the countries of the former Soviet Union, and certain advanced developing countries and territories. Official aid is provided under terms and conditions similar to those for ODA. Part II of the DAC List was abolished in 2005. The collection of data on official aid and other resource flows to Part II countries ended with 2004 data. Data are in current U.S. dollars.",,,,,,,,,,
MS.MIL.XPND.CN,Military expenditure (current LCU),"Military expenditures data from SIPRI are derived from the NATO definition, which includes all current and capital expenditures on the armed forces, including peacekeeping forces; defense ministries and other government agencies engaged in defense projects; paramilitary forces, if these are judged to be trained and equipped for military operations; and military space activities. Such expenditures include military and civil personnel, including retirement pensions of military personnel and social services for personnel; operation and maintenance; procurement; military research and development; and military aid (in the military expenditures of the donor country). Excluded are civil defense and current expenditures for previous military activities, such as for veterans' benefits, demobilization, conversion, and destruction of weapons. This definition cannot be applied for all countries, however, since that would require much more detailed information than is available about what is included in military budgets and off-budget military expenditure items. (For example, military budgets might or might not cover civil defense, reserves and auxiliary forces, police and paramilitary forces, dual-purpose forces such as military and civilian police, military grants in kind, pensions for military personnel, and social security contributions paid by one part of government to another.)","Military expenditures data from SIPRI are derived from the NATO definition, which includes all current and capital expenditures on the armed forces, including peacekeeping forces; defense ministries and other government agencies engaged in defense projects; paramilitary forces, if these are judged to be trained and equipped for military operations; and military space activities. Such expenditures include military and civil personnel, including retirement pensions of military personnel and social services for personnel; operation and maintenance; procurement; military research and development; and military aid (in the military expenditures of the donor country). Excluded are civil defense and current expenditures for previous military activities, such as for veterans' benefits, demobilization, conversion, and destruction of weapons. This definition cannot be applied for all countries, however, since that would require much more detailed information than is available about what is included in military budgets and off-budget military expenditure items. (For example, military budgets might or might not cover civil defense, reserves and auxiliary forces, police and paramilitary forces, dual-purpose forces such as military and civilian police, military grants in kind, pensions for military personnel, and social security contributions paid by one part of government to another.)","Stockholm International Peace Research Institute (SIPRI), Yearbook: Armaments, Disarmament and International Security.",Public Sector: Defense & arms trade,Annual,,,,,Data for some countries are based on partial or uncertain data or rough estimates.,WDI
MS.MIL.XPND.GD.ZS,Military expenditure (% of GDP),"Military expenditures data from SIPRI are derived from the NATO definition, which includes all current and capital expenditures on the armed forces, including peacekeeping forces; defense ministries and other government agencies engaged in defense projects; paramilitary forces, if these are judged to be trained and equipped for military operations; and military space activities. Such expenditures include military and civil personnel, including retirement pensions of military personnel and social services for personnel; operation and maintenance; procurement; military research and development; and military aid (in the military expenditures of the donor country). Excluded are civil defense and current expenditures for previous military activities, such as for veterans' benefits, demobilization, conversion, and destruction of weapons. This definition cannot be applied for all countries, however, since that would require much more detailed information than is available about what is included in military budgets and off-budget military expenditure items. (For example, military budgets might or might not cover civil defense, reserves and auxiliary forces, police and paramilitary forces, dual-purpose forces such as military and civilian police, military grants in kind, pensions for military personnel, and social security contributions paid by one part of government to another.)","Military expenditures data from SIPRI are derived from the NATO definition, which includes all current and capital expenditures on the armed forces, including peacekeeping forces; defense ministries and other government agencies engaged in defense projects; paramilitary forces, if these are judged to be trained and equipped for military operations; and military space activities. Such expenditures include military and civil personnel, including retirement pensions of military personnel and social services for personnel; operation and maintenance; procurement; military research and development; and military aid (in the military expenditures of the donor country). Excluded are civil defense and current expenditures for previous military activities, such as for veterans' benefits, demobilization, conversion, and destruction of weapons. This definition cannot be applied for all countries, however, since that would require much more detailed information than is available about what is included in military budgets and off-budget military expenditure items. (For example, military budgets might or might not cover civil defense, reserves and auxiliary forces, police and paramilitary forces, dual-purpose forces such as military and civilian police, military grants in kind, pensions for military personnel, and social security contributions paid by one part of government to another.)","Stockholm International Peace Research Institute (SIPRI), Yearbook: Armaments, Disarmament and International Security.",Public Sector: Defense & arms trade,Annual,,Weighted average,,,Data for some countries are based on partial or uncertain data or rough estimates.,WDI
MS.MIL.XPND.ZS,Military expenditure (% of central government expenditure),"Military expenditures data from SIPRI are derived from the NATO definition, which includes all current and capital expenditures on the armed forces, including peacekeeping forces; defense ministries and other government agencies engaged in defense projects; paramilitary forces, if these are judged to be trained and equipped for military operations; and military space activities. Such expenditures include military and civil personnel, including retirement pensions of military personnel and social services for personnel; operation and maintenance; procurement; military research and development; and military aid (in the military expenditures of the donor country). Excluded are civil defense and current expenditures for previous military activities, such as for veterans' benefits, demobilization, conversion, and destruction of weapons. This definition cannot be applied for all countries, however, since that would require much more detailed information than is available about what is included in military budgets and off-budget military expenditure items. (For example, military budgets might or might not cover civil defense, reserves and auxiliary forces, police and paramilitary forces, dual-purpose forces such as military and civilian police, military grants in kind, pensions for military personnel, and social security contributions paid by one part of government to another.)","Military expenditures data from SIPRI are derived from the NATO definition, which includes all current and capital expenditures on the armed forces, including peacekeeping forces; defense ministries and other government agencies engaged in defense projects; paramilitary forces, if these are judged to be trained and equipped for military operations; and military space activities. Such expenditures include military and civil personnel, including retirement pensions of military personnel and social services for personnel; operation and maintenance; procurement; military research and development; and military aid (in the military expenditures of the donor country). Excluded are civil defense and current expenditures for previous military activities, such as for veterans' benefits, demobilization, conversion, and destruction of weapons. This definition cannot be applied for all countries, however, since that would require much more detailed information than is available about what is included in military budgets and off-budget military expenditure items. (For example, military budgets might or might not cover civil defense, reserves and auxiliary forces, police and paramilitary forces, dual-purpose forces such as military and civilian police, military grants in kind, pensions for military personnel, and social security contributions paid by one part of government to another.)","Stockholm International Peace Research Institute (SIPRI), Yearbook: Armaments, Disarmament and International Security.",Public Sector: Defense & arms trade,Annual,,Weighted average,,,Data for some countries are based on partial or uncertain data or rough estimates.,WDI
VC.PKP.TOTL.UN,"Presence of peace keepers (number of troops, police, and military observers in mandate)","Presence of peacebuilders and peacekeepers are active in peacebuilding and peacekeeping. Peacebuilding reduces the risk of lapsing or relapsing into conflict by strengthening national capacities at all levels of for conflict management, and to lay the foundation for sustainable peace and development. Peacekeepers include police, troops, and military observers.","Presence of peacebuilders and peacekeepers are active in peacebuilding and peacekeeping. Peacebuilding reduces the risk of lapsing or relapsing into conflict by strengthening national capacities at all levels of for conflict management, and to lay the foundation for sustainable peace and development. Peacekeepers provide essential security to preserve the peace, however fragile, where fighting has been halted, and to assist in implementing agreements achieved by the peacemakers. Peacekeepers deploy to war-torn regions where no one else is willing or able to go and prevent conflict from returning or escalating. Peacekeepers include police, troops, and military observers.","UN Department of Peacekeeping Operations, http://www.un.org/en/peacekeeping/.",Public Sector: Conflict & fragility,Annual,,Sum,,,,WDI
MS.MIL.TOTL.P1,"Armed forces personnel, total","Armed forces personnel are active duty military personnel, including paramilitary forces if the training, organization, equipment, and control suggest they may be used to support or replace regular military forces.","Armed forces personnel are active duty military personnel, including paramilitary forces if the training, organization, equipment, and control suggest they may be used to support or replace regular military forces.","International Institute for Strategic Studies, The Military Balance.",Public Sector: Defense & arms trade,Annual,,Sum,,,Data for some countries are based on partial or uncertain data or rough estimates.,WDI
MS.MIL.TOTL.TF.ZS,Armed forces personnel (% of total labor force),"Armed forces personnel are active duty military personnel, including paramilitary forces if the training, organization, equipment, and control suggest they may be used to support or replace regular military forces. Labor force comprises all people who meet the International Labour Organization's definition of the economically active population.","Armed forces personnel are active duty military personnel, including paramilitary forces if the training, organization, equipment, and control suggest they may be used to support or replace regular military forces. Labor force comprises all people who meet the International Labour Organization's definition of the economically active population.","International Institute for Strategic Studies, The Military Balance.",Public Sector: Defense & arms trade,Annual,,Weighted average,,,Data for some countries are based on partial or uncertain data or rough estimates.,WDI
IS.VEH.NVEH.P3,"Motor vehicles (per 1,000 people)","Motor vehicles include cars, buses, and freight vehicles but do not include two-wheelers. Population refers to midyear population in the year for which data are available.","Motor vehicles include cars, buses, and freight vehicles but do not include two-wheelers. Population refers to midyear population in the year for which data are available.","International Road Federation, World Road Statistics and data files.",Infrastructure: Transportation,Annual,,Weighted average,,,,WDI
IT.CEL.SETS.P2,Mobile cellular subscriptions (per 100 people),"Mobile cellular telephone subscriptions are subscriptions to a public mobile telephone service using cellular technology, which provide access to the public switched telephone network. Post-paid and prepaid subscriptions are included.","Mobile cellular telephone subscriptions are subscriptions to a public mobile telephone service using cellular technology, which provide access to the public switched telephone network. Post-paid and prepaid subscriptions are included.","International Telecommunication Union, World Telecommunication/ICT Development Report and database, and World Bank estimates.",Infrastructure: Communications,Annual,,Weighted average,,,Please cite the International Telecommunication Union for third-party use of these data.,WDI
IT.MLT.MAIN.P2,Telephone lines (per 100 people),Telephone lines are fixed telephone lines that connect a subscriber's terminal equipment to the public switched telephone network and that have a port on a telephone exchange. Integrated services digital network channels ands fixed wireless subscribers are included.,Telephone lines are fixed telephone lines that connect a subscriber's terminal equipment to the public switched telephone network and that have a port on a telephone exchange. Integrated services digital network channels ands fixed wireless subscribers are included.,"International Telecommunication Union, World Telecommunication/ICT Development Report and database, and World Bank estimates.",Infrastructure: Communications,Annual,,Weighted average,,,Please cite the International Telecommunication Union for third-party use of these data.,WDI
IT.NET.BBND.P2,Fixed broadband Internet subscribers (per 100 people),"Fixed broadband Internet subscribers are the number of broadband subscribers with a digital subscriber line, cable modem, or other high-speed technology.","Fixed broadband Internet subscribers are the number of broadband subscribers with a digital subscriber line, cable modem, or other high-speed technology.","International Telecommunication Union, World Telecommunication/ICT Development Report and database, and World Bank estimates.",Infrastructure: Communications,Annual,,Weighted average,,,Please cite the International Telecommunication Union for third-party use of these data.,WDI
IT.NET.USER.P2,Internet users (per 100 people),Internet users are people with access to the worldwide network.,Internet users are people with access to the worldwide network.,"International Telecommunication Union, World Telecommunication/ICT Development Report and database, and World Bank estimates.",Infrastructure: Communications,Annual,,Weighted average,,,Please cite the International Telecommunication Union for third-party use of these data.,WDI
IT.PRT.NEWS.P3,"Daily newspapers (per 1,000 people)","Daily newspapers refer to those published at least four times a week and calculated as average circulation (or copies printed) per 1,000 people.","Daily newspapers refer to those published at least four times a week and calculated as average circulation (or copies printed) per 1,000 people.","United Nations Educational, Scientific, and Cultural Organization (UNESCO) Institute for Statistics.",Infrastructure: Communications,Annual,,Weighted average,,,,WDI
MS.MIL.XPRT.KD,Arms exports (constant 1990 US$),"Arms transfers cover the supply of military weapons through sales, aid, gifts, and those made through manufacturing licenses. Data cover major conventional weapons such as aircraft, armored vehicles, artillery, radar systems, missiles, and ships designed for military use. Excluded are transfers of other military equipment such as small arms and light weapons, trucks, small artillery, ammunition, support equipment, technology transfers, and other services.","Arms transfers cover the supply of military weapons through sales, aid, gifts, and those made through manufacturing licenses. Data cover major conventional weapons such as aircraft, armored vehicles, artillery, radar systems, missiles, and ships designed for military use. Excluded are transfers of other military equipment such as small arms and light weapons, trucks, small artillery, ammunition, support equipment, technology transfers, and other services.","Stockholm International Peace Research Institute (SIPRI), Yearbook: Armaments, Disarmament and International Security.",Public Sector: Defense & arms trade,Annual,1990,Sum,,,Data for some countries are based on partial or uncertain data or rough estimates.,WDI
